conference,edition
International Conference on Software Engineering,International Conference on Software Engineering-0
International Conference on Software Engineering,International Conference on Software Engineering-1
International Conference on Software Engineering,International Conference on Software Engineering-2
International Conference on Software Engineering,International Conference on Software Engineering-3
International Conference on Software Engineering,International Conference on Software Engineering-4
International Conference on Software Engineering,International Conference on Software Engineering-5
International Conference on Software Engineering,International Conference on Software Engineering-6
International Conference on Software Engineering,International Conference on Software Engineering-7
International Conference on Software Engineering,International Conference on Software Engineering-8
International Conference on Software Engineering,International Conference on Software Engineering-9
IEEE Symposium on Security and Privacy,IEEE Symposium on Security and Privacy-0
IEEE Symposium on Security and Privacy,IEEE Symposium on Security and Privacy-1
IEEE Symposium on Security and Privacy,IEEE Symposium on Security and Privacy-2
IEEE Symposium on Security and Privacy,IEEE Symposium on Security and Privacy-3
IEEE Symposium on Security and Privacy,IEEE Symposium on Security and Privacy-4
IEEE Symposium on Security and Privacy,IEEE Symposium on Security and Privacy-5
IEEE Symposium on Security and Privacy,IEEE Symposium on Security and Privacy-6
IEEE Symposium on Security and Privacy,IEEE Symposium on Security and Privacy-7
IEEE Symposium on Security and Privacy,IEEE Symposium on Security and Privacy-8
IEEE Symposium on Security and Privacy,IEEE Symposium on Security and Privacy-9
EDBT,EDBT-0
EDBT,EDBT-1
EDBT,EDBT-2
EDBT,EDBT-3
EDBT,EDBT-4
EDBT,EDBT-5
EDBT,EDBT-6
EDBT,EDBT-7
EDBT,EDBT-8
EDBT,EDBT-9
