name,date,city
International Conference on Software Engineering-0,2020-03-20,Edina
International Conference on Software Engineering-1,2019-03-20,Muskegon
International Conference on Software Engineering-2,2018-03-20,Meridian
International Conference on Software Engineering-3,2017-03-20,Allen
International Conference on Software Engineering-4,2016-03-20,Port Arthur
International Conference on Software Engineering-5,2015-03-20,Merced
International Conference on Software Engineering-6,2014-03-20,Raleigh
International Conference on Software Engineering-7,2013-03-20,O'Fallon
International Conference on Software Engineering-8,2012-03-20,Altoona
International Conference on Software Engineering-9,2011-03-20,Rancho Santa Margarita
IEEE Symposium on Security and Privacy-0,2020-03-20,Gary
IEEE Symposium on Security and Privacy-1,2019-03-20,St. Clair Shores
IEEE Symposium on Security and Privacy-2,2018-03-20,St. Cloud
IEEE Symposium on Security and Privacy-3,2017-03-20,La Crosse
IEEE Symposium on Security and Privacy-4,2016-03-20,Grand Rapids
IEEE Symposium on Security and Privacy-5,2015-03-20,Missoula
IEEE Symposium on Security and Privacy-6,2014-03-20,South Gate
IEEE Symposium on Security and Privacy-7,2013-03-20,Alexandria
IEEE Symposium on Security and Privacy-8,2012-03-20,Cutler Bay
IEEE Symposium on Security and Privacy-9,2011-03-20,Urbana
EDBT-0,2020-03-20,Cedar Park
EDBT-1,2019-03-20,Chapel Hill
EDBT-2,2018-03-20,Mesquite
EDBT-3,2017-03-20,Revere
EDBT-4,2016-03-20,Fort Myers
EDBT-5,2015-03-20,Oakland
EDBT-6,2014-03-20,Charlotte
EDBT-7,2013-03-20,Tracy
EDBT-8,2012-03-20,Indio
EDBT-9,2011-03-20,Newton
