journal,volume
Proceedings of the IEEE International Conference on Computer Vision,Proceedings of the IEEE International Conference on Computer Vision-0
Proceedings of the IEEE International Conference on Computer Vision,Proceedings of the IEEE International Conference on Computer Vision-1
Proceedings of the IEEE International Conference on Computer Vision,Proceedings of the IEEE International Conference on Computer Vision-2
Proceedings of the IEEE International Conference on Computer Vision,Proceedings of the IEEE International Conference on Computer Vision-3
Proceedings of the IEEE International Conference on Computer Vision,Proceedings of the IEEE International Conference on Computer Vision-4
Proceedings of the IEEE International Conference on Computer Vision,Proceedings of the IEEE International Conference on Computer Vision-5
Proceedings of the IEEE International Conference on Computer Vision,Proceedings of the IEEE International Conference on Computer Vision-6
Proceedings of the IEEE International Conference on Computer Vision,Proceedings of the IEEE International Conference on Computer Vision-7
Proceedings of the IEEE International Conference on Computer Vision,Proceedings of the IEEE International Conference on Computer Vision-8
Proceedings of the IEEE International Conference on Computer Vision,Proceedings of the IEEE International Conference on Computer Vision-9
IEEE Transactions on Pattern Analysis and Machine Intelligence,IEEE Transactions on Pattern Analysis and Machine Intelligence-0
IEEE Transactions on Pattern Analysis and Machine Intelligence,IEEE Transactions on Pattern Analysis and Machine Intelligence-1
IEEE Transactions on Pattern Analysis and Machine Intelligence,IEEE Transactions on Pattern Analysis and Machine Intelligence-2
IEEE Transactions on Pattern Analysis and Machine Intelligence,IEEE Transactions on Pattern Analysis and Machine Intelligence-3
IEEE Transactions on Pattern Analysis and Machine Intelligence,IEEE Transactions on Pattern Analysis and Machine Intelligence-4
IEEE Transactions on Pattern Analysis and Machine Intelligence,IEEE Transactions on Pattern Analysis and Machine Intelligence-5
IEEE Transactions on Pattern Analysis and Machine Intelligence,IEEE Transactions on Pattern Analysis and Machine Intelligence-6
IEEE Transactions on Pattern Analysis and Machine Intelligence,IEEE Transactions on Pattern Analysis and Machine Intelligence-7
IEEE Transactions on Pattern Analysis and Machine Intelligence,IEEE Transactions on Pattern Analysis and Machine Intelligence-8
IEEE Transactions on Pattern Analysis and Machine Intelligence,IEEE Transactions on Pattern Analysis and Machine Intelligence-9
ICFP,ICFP-0
ICFP,ICFP-1
ICFP,ICFP-2
ICFP,ICFP-3
ICFP,ICFP-4
ICFP,ICFP-5
ICFP,ICFP-6
ICFP,ICFP-7
ICFP,ICFP-8
ICFP,ICFP-9
